{
  "default": {
    "unbuild": {
      "executionTime": 674.6579271666666,
      "heapUsage": 155.88489532470703
    },
    "tsup": {
      "executionTime": 63.65321191666666,
      "heapUsage": 11.040779113769531
    },
    "tsdown": {
      "executionTime": 34.8109896875,
      "heapUsage": 5.150478998819987
    },
    "rslib": {
      "executionTime": 188.59539908333318,
      "heapUsage": 3.2285198635525174
    },
    "bunup": {
      "executionTime": 0,
      "heapUsage": 0
    },
    "robuild": {
      "executionTime": 49.54992144444445,
      "heapUsage": 0.7816689809163412
    }
  },
  "cjs": {
    "unbuild": {
      "executionTime": 782.4227464166667,
      "heapUsage": 170.37453365325928
    },
    "tsup": {
      "executionTime": 64.26635416666666,
      "heapUsage": 10.961006164550781
    },
    "tsdown": {
      "executionTime": 36.1976199375,
      "heapUsage": 4.869986900916467
    },
    "rslib": {
      "executionTime": 176.68103116666603,
      "heapUsage": 4.321867942810059
    },
    "bunup": {
      "executionTime": 0,
      "heapUsage": 0
    },
    "robuild": {
      "executionTime": 59.91209366666698,
      "heapUsage": 0.9310101595791903
    }
  },
  "minify": {
    "unbuild": {
      "executionTime": 718.2206215833334,
      "heapUsage": 139.3250969780816
    },
    "tsup": {
      "executionTime": 87.23222575,
      "heapUsage": 10.887359619140625
    },
    "tsdown": {
      "executionTime": 64.37276725,
      "heapUsage": 4.850428989955357
    },
    "rslib": {
      "executionTime": 231.6932395,
      "heapUsage": 2.9827423095703125
    },
    "bunup": {
      "executionTime": 0,
      "heapUsage": 0
    },
    "robuild": {
      "executionTime": 48.663804,
      "heapUsage": 0.6229341947115384
    }
  },
  "sourcemap": {
    "unbuild": {
      "executionTime": 711.46629175,
      "heapUsage": 147.52843284606934
    },
    "tsup": {
      "executionTime": 73.75040266666667,
      "heapUsage": 3.622792053222656
    },
    "tsdown": {
      "executionTime": 44.34602775,
      "heapUsage": 5.199391937255859
    },
    "rslib": {
      "executionTime": 258.0069235,
      "heapUsage": 3.063081529405382
    },
    "bunup": {
      "executionTime": 0,
      "heapUsage": 0
    },
    "robuild": {
      "executionTime": 60.934295,
      "heapUsage": 0.7628735628995028
    }
  },
  "dts": {
    "unbuild": {
      "executionTime": 2865.8096909166675,
      "heapUsage": 556.6174478530884
    },
    "tsup": {
      "executionTime": 0,
      "heapUsage": 0
    },
    "tsdown (oxc)": {
      "executionTime": 364.8882360833333,
      "heapUsage": 92.83488998413085
    },
    "rslib": {
      "executionTime": 1725.96719775,
      "heapUsage": 4.442152840750558
    },
    "bunup": {
      "executionTime": 0,
      "heapUsage": 0
    },
    "tsdown (tsc)": {
      "executionTime": 893.9511665833334,
      "heapUsage": 115.00080795288086
    },
    "robuild": {
      "executionTime": 568.8740800833269,
      "heapUsage": 95.43556074662642
    }
  }
}
