{
  "default": {
    "unbuild": {
      "executionTime": 681.3486249166666,
      "heapUsage": 161.48585183279855
    },
    "tsup": {
      "executionTime": 65.90797216666667,
      "heapUsage": 11.053352355957031
    },
    "tsdown": {
      "executionTime": 35.8651274375,
      "heapUsage": 4.848886930025541
    },
    "rslib": {
      "executionTime": 195.94048258333333,
      "heapUsage": 3.231827629937066
    },
    "bunup": {
      "executionTime": 0,
      "heapUsage": 0
    },
    "robuild": {
      "executionTime": 69.13789608333333,
      "heapUsage": 0.7831018621271307
    }
  },
  "cjs": {
    "unbuild": {
      "executionTime": 760.6247048333333,
      "heapUsage": 172.29172706604004
    },
    "tsup": {
      "executionTime": 63.32604516666667,
      "heapUsage": 10.943359375
    },
    "tsdown": {
      "executionTime": 36.717152799999994,
      "heapUsage": 5.123545328776042
    },
    "rslib": {
      "executionTime": 185.91986458333398,
      "heapUsage": 4.285922050476074
    },
    "bunup": {
      "executionTime": 0,
      "heapUsage": 0
    },
    "robuild": {
      "executionTime": 53.70598155555598,
      "heapUsage": 0.9233913421630859
    }
  },
  "minify": {
    "unbuild": {
      "executionTime": 856.0506874166666,
      "heapUsage": 157.33839797973633
    },
    "tsup": {
      "executionTime": 65.45070491666667,
      "heapUsage": 10.875350952148438
    },
    "tsdown": {
      "executionTime": 42.025016,
      "heapUsage": 4.732506491921165
    },
    "rslib": {
      "executionTime": 202.57084375,
      "heapUsage": 2.9923519558376737
    },
    "bunup": {
      "executionTime": 0,
      "heapUsage": 0
    },
    "robuild": {
      "executionTime": 59.82721883333333,
      "heapUsage": 0.6680048162286932
    }
  },
  "sourcemap": {
    "unbuild": {
      "executionTime": 703.72228825,
      "heapUsage": 150.55125045776367
    },
    "tsup": {
      "executionTime": 85.86494083333332,
      "heapUsage": 3.362437438964844
    },
    "tsdown": {
      "executionTime": 43.388102461538466,
      "heapUsage": 4.842733903364702
    },
    "rslib": {
      "executionTime": 183.83701366666665,
      "heapUsage": 3.064711676703559
    },
    "bunup": {
      "executionTime": 0,
      "heapUsage": 0
    },
    "robuild": {
      "executionTime": 49.115949,
      "heapUsage": 0.7656033833821615
    }
  },
  "dts": {
    "unbuild": {
      "executionTime": 2553.4760347500005,
      "heapUsage": 424.5405225753784
    },
    "tsup": {
      "executionTime": 0,
      "heapUsage": 0
    },
    "tsdown (oxc)": {
      "executionTime": 428.0706425,
      "heapUsage": 92.36233139038086
    },
    "rslib": {
      "executionTime": 1225.218403,
      "heapUsage": 4.241261800130208
    },
    "bunup": {
      "executionTime": 0,
      "heapUsage": 0
    },
    "tsdown (tsc)": {
      "executionTime": 902.053007166668,
      "heapUsage": 114.7739273071289
    },
    "robuild": {
      "executionTime": 466.3930973333333,
      "heapUsage": 94.84638341267903
    }
  }
}