{
  "default": {
    "unbuild": {
      "executionTime": 794.6789028333334,
      "heapUsage": 152.0735740661621
    },
    "tsup": {
      "executionTime": 71.09043408333334,
      "heapUsage": 11.035663604736328
    },
    "tsdown": {
      "executionTime": 40.30667271428599,
      "heapUsage": 4.977811639959162
    },
    "rslib": {
      "executionTime": 202.77406583333317,
      "heapUsage": 3.1157633463541665
    },
    "bunup": {
      "executionTime": 0,
      "heapUsage": 0
    },
    "robuild": {
      "executionTime": 44.5334334,
      "heapUsage": 0.7911013089693509
    }
  },
  "cjs": {
    "unbuild": {
      "executionTime": 818.63977425,
      "heapUsage": 165.26237869262695
    },
    "tsup": {
      "executionTime": 63.53114583333333,
      "heapUsage": 11.005027770996094
    },
    "tsdown": {
      "executionTime": 40.67518471428571,
      "heapUsage": 4.87369121204723
    },
    "rslib": {
      "executionTime": 196.10262150000062,
      "heapUsage": 4.252436637878418
    },
    "bunup": {
      "executionTime": 0,
      "heapUsage": 0
    },
    "robuild": {
      "executionTime": 65.93774291666666,
      "heapUsage": 0.9158200350674716
    }
  },
  "minify": {
    "unbuild": {
      "executionTime": 752.56290275,
      "heapUsage": 136.74475288391113
    },
    "tsup": {
      "executionTime": 62.473263833333334,
      "heapUsage": 10.946876525878906
    },
    "tsdown": {
      "executionTime": 41.7434553076923,
      "heapUsage": 4.765545931729403
    },
    "rslib": {
      "executionTime": 214.51195133333334,
      "heapUsage": 2.9438883463541665
    },
    "bunup": {
      "executionTime": 0,
      "heapUsage": 0
    },
    "robuild": {
      "executionTime": 47.2670375,
      "heapUsage": 0.6266667292668269
    }
  },
  "sourcemap": {
    "unbuild": {
      "executionTime": 740.8165105833334,
      "heapUsage": 147.00771522521973
    },
    "tsup": {
      "executionTime": 73.37223591666667,
      "heapUsage": 3.675243377685547
    },
    "tsdown": {
      "executionTime": 41.44179492307692,
      "heapUsage": 4.898263411088423
    },
    "rslib": {
      "executionTime": 191.76385766666667,
      "heapUsage": 3.00059085422092
    },
    "bunup": {
      "executionTime": 0,
      "heapUsage": 0
    },
    "robuild": {
      "executionTime": 48.03179990000305,
      "heapUsage": 0.7698663564828726
    }
  },
  "dts": {
    "unbuild": {
      "executionTime": 3066.8451908333336,
      "heapUsage": 519.8277854919434
    },
    "tsup": {
      "executionTime": 0,
      "heapUsage": 0
    },
    "tsdown (oxc)": {
      "executionTime": 427.1149201666667,
      "heapUsage": 92.94996185302735
    },
    "rslib": {
      "executionTime": 1408.0196146666667,
      "heapUsage": 5.536886596679688
    },
    "bunup": {
      "executionTime": 0,
      "heapUsage": 0
    },
    "tsdown (tsc)": {
      "executionTime": 913.7256735833333,
      "heapUsage": 112.51561126708984
    },
    "robuild": {
      "executionTime": 827.3318679166641,
      "heapUsage": 175.90377946333453
    }
  }
}