{
  "default": {
    "unbuild": {
      "executionTime": 764.0548055833334,
      "heapUsage": 151.70578111921037
    },
    "tsup": {
      "executionTime": 65.4522015,
      "heapUsage": 10.962554931640625
    },
    "tsdown": {
      "executionTime": 37.20951393333333,
      "heapUsage": 5.215019861857097
    },
    "rslib": {
      "executionTime": 192.61558700000015,
      "heapUsage": 3.169621785481771
    },
    "bunup": {
      "executionTime": 0,
      "heapUsage": 0
    },
    "robuild": {
      "executionTime": 47.402694333333336,
      "heapUsage": 0.7852636973063151
    }
  },
  "cjs": {
    "unbuild": {
      "executionTime": 781.8856285833334,
      "heapUsage": 166.22687339782715
    },
    "tsup": {
      "executionTime": 63.23057291666667,
      "heapUsage": 10.937232971191406
    },
    "tsdown": {
      "executionTime": 38.107519333333336,
      "heapUsage": 5.129037221272786
    },
    "rslib": {
      "executionTime": 195.12392708333365,
      "heapUsage": 4.303421868218316
    },
    "bunup": {
      "executionTime": 0,
      "heapUsage": 0
    },
    "robuild": {
      "executionTime": 61.93613883333302,
      "heapUsage": 0.9238634976473722
    }
  },
  "minify": {
    "unbuild": {
      "executionTime": 816.6616701666667,
      "heapUsage": 136.9022045135498
    },
    "tsup": {
      "executionTime": 67.32977433333333,
      "heapUsage": 10.870857238769531
    },
    "tsdown": {
      "executionTime": 39.44002092857143,
      "heapUsage": 4.75726942582564
    },
    "rslib": {
      "executionTime": 208.64397233333335,
      "heapUsage": 2.9617046780056424
    },
    "bunup": {
      "executionTime": 0,
      "heapUsage": 0
    },
    "robuild": {
      "executionTime": 45.2558370909091,
      "heapUsage": 0.6324272155761719
    }
  },
  "sourcemap": {
    "unbuild": {
      "executionTime": 750.87384725,
      "heapUsage": 146.23209953308105
    },
    "tsup": {
      "executionTime": 74.19215658333333,
      "heapUsage": 3.6252204895019533
    },
    "tsdown": {
      "executionTime": 41.831583461538465,
      "heapUsage": 4.8596884987571025
    },
    "rslib": {
      "executionTime": 192.00801025,
      "heapUsage": 3.0073861016167536
    },
    "bunup": {
      "executionTime": 0,
      "heapUsage": 0
    },
    "robuild": {
      "executionTime": 50.58908322222222,
      "heapUsage": 0.7671871185302734
    }
  },
  "dts": {
    "unbuild": {
      "executionTime": 2774.198454916666,
      "heapUsage": 515.7036294937134
    },
    "tsup": {
      "executionTime": 0,
      "heapUsage": 0
    },
    "tsdown (oxc)": {
      "executionTime": 386.4384235,
      "heapUsage": 91.66430358886718
    },
    "rslib": {
      "executionTime": 1285.0092291666667,
      "heapUsage": 4.786596934000651
    },
    "bunup": {
      "executionTime": 0,
      "heapUsage": 0
    },
    "tsdown (tsc)": {
      "executionTime": 868.5930728333334,
      "heapUsage": 113.97824401855469
    },
    "robuild": {
      "executionTime": 863.3238193333359,
      "heapUsage": 175.12626786665484
    }
  }
}