{
  "default": {
    "unbuild": {
      "executionTime": 646.5431805,
      "heapUsage": 150.91688864571708
    },
    "tsup": {
      "executionTime": 56.636773,
      "heapUsage": 11.018470764160156
    },
    "tsdown": {
      "executionTime": 31.64594747368421,
      "heapUsage": 4.872098795572916
    },
    "rslib": {
      "executionTime": 184.10879158333364,
      "heapUsage": 3.1468624538845487
    },
    "bunup": {
      "executionTime": 0,
      "heapUsage": 0
    },
    "robuild": {
      "executionTime": 39.53858007692293,
      "heapUsage": 0.7144103050231934
    }
  },
  "cjs": {
    "unbuild": {
      "executionTime": 755.1135591666666,
      "heapUsage": 168.04141404893664
    },
    "tsup": {
      "executionTime": 67.39324666666667,
      "heapUsage": 11.003387451171875
    },
    "tsdown": {
      "executionTime": 34.17131,
      "heapUsage": 4.846883333646334
    },
    "rslib": {
      "executionTime": 169.19365616666667,
      "heapUsage": 4.303781297471788
    },
    "bunup": {
      "executionTime": 0,
      "heapUsage": 0
    },
    "robuild": {
      "executionTime": 36.63932506666667,
      "heapUsage": 0.8271009657118056
    }
  },
  "minify": {
    "unbuild": {
      "executionTime": 615.271014,
      "heapUsage": 137.32000478108725
    },
    "tsup": {
      "executionTime": 55.54043055555555,
      "heapUsage": 11.003288269042969
    },
    "tsdown": {
      "executionTime": 33.788902176470586,
      "heapUsage": 4.682580214280349
    },
    "rslib": {
      "executionTime": 186.24063191666664,
      "heapUsage": 2.9661678738064237
    },
    "bunup": {
      "executionTime": 0,
      "heapUsage": 0
    },
    "robuild": {
      "executionTime": 37.853032785714284,
      "heapUsage": 0.5540515675264246
    }
  },
  "sourcemap": {
    "unbuild": {
      "executionTime": 622.4419166666667,
      "heapUsage": 148.91734992133246
    },
    "tsup": {
      "executionTime": 66.71842708333334,
      "heapUsage": 3.6934471130371094
    },
    "tsdown": {
      "executionTime": 35.87786975,
      "heapUsage": 4.822599557729868
    },
    "rslib": {
      "executionTime": 182.63523616666666,
      "heapUsage": 3.024031745062934
    },
    "bunup": {
      "executionTime": 0,
      "heapUsage": 0
    },
    "robuild": {
      "executionTime": 40.084285307692305,
      "heapUsage": 0.7016396522521973
    }
  },
  "dts": {
    "unbuild": {
      "executionTime": 2473.1740069999996,
      "heapUsage": 532.6017739432199
    },
    "tsup": {
      "executionTime": 0,
      "heapUsage": 0
    },
    "tsdown (oxc)": {
      "executionTime": 347.207361,
      "heapUsage": 92.81668395996094
    },
    "rslib": {
      "executionTime": 1122.9306736666667,
      "heapUsage": 5.582542419433594
    },
    "bunup": {
      "executionTime": 0,
      "heapUsage": 0
    },
    "tsdown (tsc)": {
      "executionTime": 696.1381666666666,
      "heapUsage": 110.9331039428711
    },
    "robuild": {
      "executionTime": 550.7242950833333,
      "heapUsage": 145.74928491765803
    }
  }
}